;;;;;;;1Second;1Second;1Second;1Second;lpl generation;lpl generation;lpl generation;lpl generation;lpl dataset size;LPL execution;LPL execution;LPL execution;LPL execution;lpl min anonymization;lpl min anonymization;lpl min anonymization;lpl min anonymization;loading data;loading data;loading data;loading data;creating max rules;creating max rules;creating max rules;creating max rules;creating hierarchies;creating hierarchies;creating hierarchies;creating hierarchies;creating definitions;creating definitions;creating definitions;creating definitions;creating privacy models;creating privacy models;creating privacy models;creating privacy models;lpl anonymization;lpl anonymization;lpl anonymization;lpl anonymization;lpl utility;ARX execution;ARX execution;ARX execution;ARX execution;arx dataset size;arx creating definitions;arx creating definitions;arx creating definitions;arx creating definitions;arx creating privacy model;arx creating privacy model;arx creating privacy model;arx creating privacy model;arx anonymization;arx anonymization;arx anonymization;arx anonymization;arx utility
Dataset;PrivacyModel;Distribution;Randomization;Personal Privacy;#PersonalPrivacyAttributes;TargetSize;Arithmetic Mean;Minimum;Maximum;Standard Deviation;Arithmetic Mean;Minimum;Maximum;Standard Deviation;Value;Arithmetic Mean;Minimum;Maximum;Standard Deviation;Arithmetic Mean;Minimum;Maximum;Standard Deviation;Arithmetic Mean;Minimum;Maximum;Standard Deviation;Arithmetic Mean;Minimum;Maximum;Standard Deviation;Arithmetic Mean;Minimum;Maximum;Standard Deviation;Arithmetic Mean;Minimum;Maximum;Standard Deviation;Arithmetic Mean;Minimum;Maximum;Standard Deviation;Arithmetic Mean;Minimum;Maximum;Standard Deviation;Value;Arithmetic Mean;Minimum;Maximum;Standard Deviation;Value;Arithmetic Mean;Minimum;Maximum;Standard Deviation;Arithmetic Mean;Minimum;Maximum;Standard Deviation;Arithmetic Mean;Minimum;Maximum;Standard Deviation;Value
adult;(averageRisk);();false;0.0;9;0;1.0035861029E9;9.89325304E8;1.017899451E9;7066591.207910524;1.11887145964E10;1.0102598256E10;1.3642998695E10;1.0488840984429138E9;30162;4.8362877545E9;4.40199986E9;7.432556883E9;9.510573510885664E8;2.317665826E8;1.8345442E8;4.21028963E8;8.700427759467341E7;9.64608045E7;7.4806656E7;1.84572673E8;3.2579419322530698E7;3098961.9;66115.0;3.0014996E7;9457440.755587216;1.462899033E8;1.26318093E8;2.67138704E8;4.2674856806595296E7;473404.9;67255.0;1908211.0;706571.9928409356;1.449849331E8;4.7277807E7;5.16527284E8;1.667453470081402E8;4.1666965324E9;3.66483996E9;5.887186432E9;6.274427057908801E8;316005.7712886067;4.9675011386E9;3.952652089E9;7.157586421E9;1.2222489762019582E9;30162;1.378758785E8;1.05978092E8;3.50400081E8;7.488028114772904E7;75746.9;56995.0;114561.0;16465.26177846357;4.8253073343E9;3.835390588E9;7.048408029E9;1.2334384971434417E9;316005.7712886067
adult;(basicBLikeness);();false;0.0;9;0;1.000743678E9;9.86248684E8;1.00345849E9;5127636.896861209;1.04508473814E10;1.018716141E10;1.1722024163E10;4.5830709072850764E8;30162;1.1045577801E10;1.0148722473E10;1.2737581097E10;9.393577811961325E8;2.264600691E8;1.86157719E8;4.87938317E8;9.213278003101084E7;7.55219509E7;6.9661099E7;7.9451794E7;2459734.1249866127;70845.3;63265.0;90053.0;7731.5170862875;1.626133714E8;1.10952664E8;4.39850034E8;9.78647212956901E7;111597.1;55855.0;409228.0;112097.68065243616;8.16146611E7;4.9985666E7;3.41347478E8;9.133285558558622E7;1.04942971397E10;9.423907239E9;1.1965773033E10;9.322185882917625E8;347909.6108937504;8.6901969366E9;8.545858903E9;9.163384008E9;2.0655704732334098E8;30162;1.288351308E8;1.08046461E8;1.95949555E8;3.029074496537225E7;61441.1;53006.0;83784.0;9217.013211688723;8.561090963E9;8.370938426E9;9.048397769E9;2.1741227578535336E8;347909.6108937504
adult;(dDisclosurePrivacy);();false;0.0;9;0;1.0011603153E9;9.86033811E8;1.013152863E9;8731054.145835033;1.02471028878E10;1.0098431881E10;1.0435263031E10;1.0040719688992397E8;30162;1.05968748203E10;9.490115547E9;1.2536349196E10;1.20338384620943E9;2.248773599E8;1.88281374E8;4.8240576E8;9.05777244354275E7;7.52012371E7;7.2808393E7;7.8250898E7;1481220.8035738217;72498.4;63265.0;114561.0;15074.343996782523;1.960359598E8;1.17056317E8;4.86934056E8;1.3777944134813786E8;193158.2;56996.0;932448.0;278370.13155661017;5.26406892E7;5.0494636E7;5.5240085E7;1470665.9422368116;1.0043913873E10;8.96350347E9;1.2057282235E10;1.1844514901409478E9;455884.9365769584;8.4930255117E9;8.433389588E9;8.554002427E9;3.943629007160325E7;30162;1.230663265E8;1.0921202E8;1.82598347E8;2.122762182258494E7;81503.9;52436.0;151608.0;34462.19321533542;8.3696462801E9;8.27346692E9;8.437523475E9;5.016902762972404E7;455884.9365769584
adult;(distinctLDiversity);();false;0.0;9;0;1.0013988415E9;9.86094796E8;1.009078251E9;5808771.50271712;1.07858554147E10;1.0036969023E10;1.3000964364E10;1.0359873795179956E9;30162;3.1931037668E9;2.879200216E9;3.981801322E9;3.0619336901248676E8;2.247919804E8;1.86875293E8;4.94006063E8;9.475923775401552E7;7.97114088E7;7.3015857E7;8.3015726E7;3128267.0013330174;57964.4;47877.0;79223.0;10430.027646708859;1.30021892E8;1.19261474E8;1.40135524E8;7179440.125729196;81788.6;63265.0;211453.0;45858.5373808532;9.7783956E7;5.3405968E7;3.80407096E8;1.0474897800976118E8;2.6553107025E9;2.416826682E9;3.131499558E9;2.118549593205744E8;170763.7641568316;3.0509448438E9;2.557786931E9;5.523335402E9;8.775984807898004E8;30162;1.168256559E8;1.09900526E8;1.27303546E8;5942190.548943498;74150.9;60415.0;132229.0;23535.739203980353;2.9338507388E9;2.443441892E9;5.413137359E9;8.796740764642481E8;170763.7641568316
adult;(dPresence);();false;0.0;9;0;1.0058957333E9;1.001665979E9;1.033771572E9;9820871.680183792;1.13902465797E10;1.1183135815E10;1.154910594E10;1.283350384700212E8;30162;2.27349448255E10;2.1981361316E10;2.5228369762E10;1.0771112013367674E9;2.310858278E8;1.90573734E8;5.3233158E8;1.0598825204304764E8;7.6160472E7;7.4233281E7;7.9711124E7;1686382.8300701936;63151.1;46737.0;177256.0;40350.916006262414;1.890540049E8;1.14398614E8;4.4475678E8;1.2590765241417807E8;77228.9;61555.0;193785.0;41037.07717946459;7.27657032E7;7.0968006E7;7.9389669E7;2470033.2461644136;2.21621362614E10;2.1494853587E10;2.4429916849E10;1.0306610301369479E9;42668.3860074087;2.08116403146E10;2.0285243909E10;2.1460912168E10;3.364680412137987E8;30162;1.377361825E8;1.1048473E8;1.98423161E8;3.572925072328749E7;1.169834766E8;1.0792791E8;1.76262722E8;2.091095617581006E7;2.05567137053E10;2.0058038567E10;2.1165581187E10;3.2339896467902434E8;42668.3860074087
adult;(edDifferentialPrivacy);();false;0.0;9;0;9.979313467E8;9.8924722E8;1.015008638E9;7310917.0015354585;1.16585807654E10;1.1235686851E10;1.3064183827E10;5.2204884181828934E8;30162;1.0477084654E9;9.39148704E8;1.655379268E9;2.236599345696707E8;1.970006665E8;1.86399951E8;2.19628355E8;9333091.676748497;9.96740994E7;7.6442999E7;2.77575158E8;6.254232090067117E7;57850.4;46167.0;134509.0;26988.779183620405;1.34579313E8;1.25913425E8;1.52685944E8;7171500.427563011;80306.8;61555.0;216583.0;47959.414846305226;5.289828633E8;5.08226453E8;6.68959028E8;4.950818659309826E7;8.34307673E7;2.8077147E7;5.6395328E8;1.6885408795892173E8;32439.9492340837;1.0406222659E9;5.73827188E8;3.364740161E9;8.317206795375346E8;30162;4.864690858E8;1.14603798E8;2.906452067E9;8.590020954496399E8;5.183140943E8;4.26405923E8;7.76404185E8;1.3954684519078484E8;3.56518553E7;2.6937806E7;6.4542898E7;1.1591146863811094E7;32549.664480291005
adult;(enhancedBLikeness);();false;0.0;9;0;1.001175932E9;9.90171688E8;1.004170934E9;3969956.2838400234;1.13619054863E10;1.0943749953E10;1.3601378266E10;7.934939724262105E8;30162;9.1231770116E9;8.718159865E9;1.0930319523E10;6.442197412360153E8;1.976474521E8;1.89262837E8;2.08640754E8;7781115.820361448;1.069312287E8;6.451554E7;3.67620146E8;9.17745513863061E7;48446.1;44456.0;63265.0;5603.810637017953;1.603891199E8;1.07770602E8;4.10295562E8;8.880401360972284E7;110685.2;58705.0;304356.0;87030.5328169373;5.73059459E7;5.2760209E7;6.4309217E7;2933955.5854015565;8.5899662757E9;8.209554962E9;1.0448108118E10;6.63927372522539E8;354687.7493117178;8.3104649522E9;8.229944549E9;8.513315585E9;9.005178973030849E7;30162;1.329929559E8;1.17119582E8;1.92025981E8;2.6483315830514066E7;68223.7;53006.0;107722.0;20010.921645996776;8.1772172837E9;8.050621736E9;8.390915935E9;9.468980369708122E7;354687.7493117178
adult;(entropyLDiversity);();false;0.0;9;0;1.0013730799E9;9.88620269E8;1.004173214E9;4553290.2804924715;1.15303248232E10;1.109063603E10;1.3190929957E10;7.889955452922627E8;30162;4.4773896378E9;4.257145104E9;4.663279421E9;1.3495115785482717E8;1.9553058E8;1.88411893E8;2.02651091E8;4613248.4276107075;7.99008047E7;7.7220988E7;8.4322063E7;2127118.9699247116;48446.0;43886.0;61555.0;5781.418530276304;1.345890591E8;1.25786895E8;1.52746359E8;7740519.407083674;73866.1;58135.0;188086.0;40318.5043440905;5.57346926E7;5.4691788E7;6.0162221E7;1626597.4678569715;4.0083720189E9;3.803332302E9;4.186957367E9;1.2606559703337763E8;195181.88881061377;3.9696964362E9;3.853793881E9;4.160374644E9;1.0979414130948234E8;30162;1.169449473E8;1.13504924E8;1.19618836E8;1995999.5927957194;59845.4;51296.0;99742.0;14161.140782672373;3.8525586726E9;3.739380447E9;4.041544055E9;1.0979382604031846E8;195181.88881061377
adult;(equalDistanceTCloseness);();false;0.0;9;0;1.0016674046E9;9.90636202E8;1.003819272E9;3936128.8358199582;1.15131952673E10;1.0938209986E10;1.3356355545E10;9.46283441096902E8;30162;9.0558277664E9;8.638408274E9;1.1013705719E10;6.985971073001205E8;1.972090419E8;1.88288212E8;2.09756156E8;7820174.50255762;1.078837381E8;7.4209343E7;3.73357317E8;9.332007583979604E7;45596.5;43886.0;47876.0;1316.3587192622601;1.601364015E8;1.081747E8;4.21497467E8;9.241277982757531E7;101395.0;56995.0;193215.0;60913.454237229984;3.17372699E8;5.6463779E7;2.647891193E9;8.188632730006711E8;8.2699797039E9;7.93689681E9;8.56305104E9;1.790985527889455E8;415585.50765749405;8.2477466526E9;8.127783449E9;8.444845123E9;8.986442208961438E7;30162;1.332512027E8;1.14464159E8;2.06951975E8;3.1300060391760387E7;61840.3;51297.0;97462.0;15020.064203517166;8.1142425032E9;8.013022912E9;8.237702782E9;6.920306417997365E7;415585.50765749405
adult;(hierarchicalDistanceTCloseness);();false;0.0;9;0;1.0022362203E9;1.000728973E9;1.004436533E9;981585.7704866085;1.15567273841E10;1.1026444794E10;1.3430761524E10;8.581491724501902E8;30162;8.8796923725E9;8.63115673E9;8.982941233E9;1.0152495983321922E8;1.959500103E8;1.8806479E8;2.04131266E8;5335374.849788033;7.81855242E7;6.6312611E7;8.1291611E7;4384077.553922092;46622.6;43887.0;53005.0;2903.415084956947;1.332861408E8;1.2482823E8;1.4082004E8;4697656.296878401;61669.2;56995.0;69535.0;4203.925488291998;5.87510679E7;5.7423015E7;5.9812838E7;664387.1217650227;8.4107737544E9;8.176976307E9;8.517074441E9;9.704297348591845E7;390765.61326019815;8.5063167595E9;8.130656025E9;1.0692666326E10;7.763275789514916E8;30162;1.24938516E8;1.14521154E8;1.74188655E8;1.748176589698965E7;679785.8;658299.0;750631.0;28244.467658089943;8.3805724973E9;7.955643784E9;1.0575410524E10;7.805251942356334E8;390765.61326019815
adult;(inclusion);();false;0.0;9;0;9.989567535E8;9.87050611E8;1.003193461E9;4654829.574502981;1.13834710632E10;1.1095062875E10;1.2033159439E10;2.494121994406959E8;30162;5.624264831E8;5.23082342E8;8.07545413E8;8.669925116214986E7;2.243071765E8;1.90285907E8;4.71581735E8;8.694086465674108E7;7.93298803E7;7.4982773E7;8.2801992E7;2548636.277335873;58705.6;44457.0;173836.0;40471.53376057464;1.332313684E8;1.27860393E8;1.40144643E8;3288649.8891588794;169447.7;55855.0;1145040.0;342825.09510019183;3.34421378E7;3.264705E7;3.4286812E7;534357.5316938609;8.91125964E7;8.2134574E7;1.10963493E8;9558045.282479586;0.0;4.249095055E8;3.21691993E8;6.65077631E8;1.485829055008439E8;30162;1.792056304E8;1.12425428E8;4.11898847E8;1.2251288084900476E8;1.08656712E8;1.06685977E8;1.10384988E8;1266079.0773398706;1.368985759E8;9.9022356E7;4.16996529E8;9.871366991154198E7;0.0
adult;(kAnonymity);();false;0.0;9;0;1.0004338502E9;9.87916374E8;1.00538494E9;5387504.220181792;1.14141510826E10;1.1041643797E10;1.2335730566E10;4.01453295339082E8;30162;3.7405469178E9;3.581912576E9;4.028072587E9;1.7697052270659426E8;2.238694505E8;1.88106397E8;4.91545566E8;9.41898398971446E7;7.70647635E7;6.5795661E7;8.1657522E7;5547483.326760628;52094.2;45027.0;91193.0;14108.049481688735;1.283937568E8;1.10105139E8;1.41401965E8;8366148.490673972;75120.3;56425.0;185806.0;39422.6777151595;8.38792083E7;4.6764278E7;3.52613788E8;9.491177935326296E7;3.2239390992E9;3.124515325E9;3.560274786E9;1.6538401852791467E8;282939.0335460752;3.4746614893E9;3.254543258E9;3.711415582E9;1.9579872616496727E8;30162;2.062747537E8;1.09576791E8;4.14061258E8;1.4039537799547055E8;62638.5;54716.0;100312.0;13624.400963385917;3.2681270637E9;3.135736038E9;3.57842559E9;2.018289149248637E8;282939.0335460752
adult;(kMap);();false;0.0;9;0;1.0018864955E9;9.8846809E8;1.010229561E9;5465718.946356081;1.13831121049E10;1.1143588884E10;1.2284672814E10;3.274145090001837E8;30162;3.8069950068E9;3.667510201E9;4.113835499E9;1.792089028775186E8;1.949586299E8;1.89223509E8;2.00849462E8;3174927.1620993293;7.83310335E7;7.4854533E7;8.1598247E7;2373851.397113384;51067.9;47306.0;63835.0;6488.511615839868;1.340804879E8;1.21667257E8;1.38810947E8;4815851.955017592;61669.1;55285.0;68395.0;4636.849659700718;4.98887164E7;4.9019591E7;5.1692682E7;843166.1579859044;3.347177324E9;3.223428248E9;3.648561461E9;1.770241840901627E8;28227.881499539297;3.8927195598E9;3.470387108E9;6.19254293E9;8.25881912292833E8;30162;4.267240155E8;1.10768568E8;2.809873111E9;8.464265063942864E8;1.378070278E8;1.07115723E8;3.97853433E8;9.137689601238407E7;3.3279996329E9;3.249155468E9;3.619572956E9;1.3800915036804014E8;28227.881499539297
adult;(orderedDistanceTCloseness);();false;0.0;9;0;9.964836026E8;9.87035792E8;1.003672223E9;7875167.548484881;1.15225990196E10;1.0962023296E10;1.3437729229E10;8.42415340417002E8;30162;1.01482438246E10;9.719591592E9;1.1965022402E10;6.474003071451701E8;2.284565663E8;1.8844666E8;5.23466492E8;1.0376761590759237E8;7.72213301E7;7.1133864E7;8.167576E7;3066682.845312557;47477.3;46166.0;49587.0;1172.8922513740695;1.312568146E8;1.15454741E8;1.40002724E8;7552888.1724268785;98545.5;56426.0;200054.0;63302.42233780105;5.94772482E7;5.8546967E7;6.1218919E7;830740.2915366511;9.6489016103E9;9.264463902E9;1.1504190597E10;6.613107434645061E8;185757.34502842638;9.3312149799E9;9.272462658E9;9.41570444E9;5.023375318698843E7;30162;1.181294861E8;1.13444509E8;1.22810588E8;2929307.348608255;49643.1;43316.0;76944.0;9877.252220801762;9.2129040773E9;9.154062386E9;9.29945119E9;5.107176150720507E7;185757.34502842638
adult;(populationUniqueness);();false;0.0;9;0;9.995303568E8;9.86212207E8;1.00448042E9;7077235.068191435;1.15941853712E10;1.108014543E10;1.3143890961E10;6.163471830897325E8;30162;2.0871600431E9;1.846314355E9;2.687984712E9;2.6116368086083436E8;2.241319721E8;1.91517581E8;4.48839371E8;7.953915922162722E7;7.92360659E7;7.4552457E7;8.3460861E7;2835342.47602423;47990.2;45597.0;51866.0;1798.40378607747;1.565012827E8;1.14527424E8;3.94973449E8;8.400951435171668E7;72840.2;54146.0;184665.0;39922.751429896874;6.1373832E7;5.7400786E7;8.807579E7;9410609.772781925;1.5633307172E9;1.381403949E9;2.186122382E9;2.6721912723916602E8;42571.8694091557;1.9100328695E9;1.51069949E9;4.37152662E9;8.765980303339263E8;30162;3.955358239E8;1.10877429E8;2.922618854E9;8.879369494449862E8;98602.2;84923.0;154458.0;20500.886218242696;1.5142677524E9;1.396931815E9;1.743644854E9;1.4226289842587513E8;42571.8694091557
adult;(profitabilityJournalist);();false;0.0;9;0;9.965636244E8;9.85058617E8;1.006121322E9;6087164.630913024;1.14513334964E10;1.099090864E10;1.2472916001E10;4.0561022768609864E8;30162;6.54451723E8;4.99495305E8;9.13570241E8;1.694619247209484E8;2.003475587E8;1.88918583E8;2.34007192E8;1.2858440740436075E7;7.48712331E7;6.5115134E7;8.0897201E7;5289968.874392771;47933.2;46166.0;50726.0;1507.0406468012436;1.356254663E8;1.23130902E8;1.55776243E8;8135271.00888229;77855.8;50726.0;196634.0;47694.24990219821;1.315511392E8;3.5398225E7;3.69170994E8;1.5108924179640073E8;1.09280756E8;7.1783043E7;3.85826803E8;9.806193277163632E7;0.0;3.241221692E8;3.07509221E8;3.4617899E8;1.3704441873867862E7;30162;1.236240847E8;1.12763412E8;1.35792463E8;1.0137842972723778E7;1.089657987E8;1.06815356E8;1.12182628E8;1696183.145020742;9.13801645E7;8.7049871E7;1.03330649E8;5018334.101369082;0.0
adult;(profitabilityJournalistNoAttack);();false;0.0;9;0;9.95621602E8;9.87986479E8;1.005485252E9;5093894.243096948;1.15735149095E10;1.1056687772E10;1.2956123687E10;5.790570357688298E8;30162;1.1040682283E9;9.86747396E8;1.347369057E9;1.6281722752797115E8;1.948823698E8;1.89873259E8;2.0086884E8;3991654.0361358086;7.42817849E7;6.4798809E7;8.2140844E7;6125105.674121921;47591.4;45596.0;52436.0;2136.735110708235;1.337126387E8;1.24934812E8;1.43777539E8;6468782.99139305;94441.7;54145.0;187516.0;62034.762672141245;1.062358263E8;3.7932247E7;3.88041651E8;1.3879348136031958E8;5.921875632E8;5.52083957E8;9.12738106E8;1.1266114472458136E8;38119.0024832067;8.038407021E8;7.90054619E8;8.2922367E8;1.2453855894687776E7;30162;1.204289142E8;1.09579641E8;1.34764263E8;9024554.3020971;1.088644035E8;1.06912249E8;1.11579044E8;1583237.330072662;5.743404904E8;5.68595567E8;5.89657702E8;6166936.720765274;38119.0024832067
adult;(profitabilityProsecutor);();false;0.0;9;0;9.963455595E8;9.86669881E8;1.009869349E9;7754746.919817368;1.16874777362E10;1.1302938748E10;1.2739651746E10;5.441750382148618E8;30162;6.005716655E8;5.0647213E8;8.22776903E8;1.2558972321005867E8;1.962386924E8;1.87432139E8;2.00261268E8;4235583.194554498;7.65145283E7;7.2900725E7;8.0107243E7;2743740.1659766487;50897.0;45596.0;75235.0;9163.289632489465;1.786059803E8;1.26980381E8;3.85398767E8;1.0115744166704924E8;58078.4;53006.0;68394.0;4935.39405609004;3.78775314E7;3.6274816E7;3.8836767E7;779167.7742097226;1.087306922E8;7.3467262E7;3.7831365E8;9.51388061271232E7;0.0;2.128015989E8;2.00653397E8;2.21159255E8;7891575.108418886;30162;1.202196266E8;1.09615548E8;1.30175551E8;9611921.563204821;60700.1;41606.0;167567.0;40176.68207762641;9.23493167E7;8.7669982E7;1.04402735E8;5605832.2744798185;0.0
adult;(profitabilityProsecutorNoAttack);();false;0.0;9;0;9.960052391E8;9.87057451E8;1.011021229E9;7138059.199940048;1.14841697714E10;1.1049514313E10;1.2276462035E10;3.698429218538525E8;30162;1.0451930239E9;9.3368568E8;1.287496944E9;1.487489485728529E8;1.950494239E8;1.85775279E8;2.0342737E8;5345884.907053845;7.63122512E7;6.606696E7;8.1501354E7;4904866.830538664;47192.3;45596.0;52435.0;1988.7474589689753;1.633211989E8;1.22230372E8;4.25687779E8;9.243912376000047E7;67824.6;52436.0;161297.0;33265.230908228754;7.22169502E7;3.8258832E7;3.63807713E8;1.0245828019766629E8;5.357655612E8;5.01323721E8;7.95963347E8;9.154871640978587E7;379417.3460570988;6.430654373E8;6.32915043E8;6.56987113E8;8179569.277915013;30162;1.209564082E8;1.11296347E8;1.29921352E8;6931385.202038043;54487.7;42177.0;132800.0;27572.49158551569;5.219114824E8;5.17915696E8;5.26803581E8;2771127.977642606;379417.3460570988
adult;(recursiveCLDiversity);();false;0.0;9;0;1.0037848464E9;1.001806189E9;1.011860204E9;2893698.3429273497;1.15344417829E10;1.1111719824E10;1.3252094159E10;6.789588846122757E8;30162;4.4803114577E9;4.133416889E9;6.444340712E9;6.952501066851002E8;1.931894881E8;1.89210971E8;1.9920799E8;3030609.675676953;8.03950703E7;7.5131531E7;8.3526976E7;2319691.8599109496;53119.8;45027.0;100312.0;16633.798302118357;1.310545944E8;1.24169361E8;1.37037246E8;4009441.682060046;82016.5;54716.0;178967.0;51156.39048219359;6.77478721E7;6.6349658E7;7.0852875E7;1383465.6095045796;4.0054988733E9;3.657731474E9;5.963019008E9;6.92563840577554E8;195181.88881061377;3.8848114276E9;3.729802346E9;3.961424843E9;8.587919946102363E7;30162;1.184395987E8;1.13409742E8;1.22321565E8;3314999.3083052756;55570.7;46736.0;90623.0;13477.618772946831;3.7661847122E9;3.610881134E9;3.838879855E9;8.487349022522026E7;195181.88881061377
adult;(sampleUniqueness);();false;0.0;9;0;9.978664857E8;9.86282881E8;1.003375846E9;7373709.9066463;1.11632247055E10;1.1062199242E10;1.1304727838E10;7.078576936562346E7;30162;9.8576829716E9;9.209338949E9;1.1701410013E10;9.645137298716311E8;1.958863462E8;1.83423643E8;2.03313379E8;5902911.846618635;7.93010977E7;7.7946541E7;8.0996943E7;973952.6650439606;55627.6;46166.0;95183.0;15470.15508936122;1.332884206E8;1.24382524E8;1.3903437E8;4545816.493249741;73980.3;55856.0;180676.0;38029.114966328394;5.89400083E7;5.6642175E7;6.5470216E7;2580828.606908988;9.3875709806E9;8.74202789E9;1.1219702449E10;9.599686825029414E8;215824.56734827498;8.8261371324E9;8.76136021E9;8.985492353E9;7.036604366708307E7;30162;1.358183392E8;1.11750031E8;3.04213168E8;5.926594171411665E7;54145.8;46166.0;114561.0;21276.609921069034;8.690144558E9;8.60645429E9;8.871217419E9;7.161750791847365E7;215824.56734827498
cup;(averageRisk);();false;0.0;9;0;1.0006218783E9;9.86445889E8;1.002992836E9;5008902.213940186;5.53446130944E10;4.8772602582E10;6.2001969766E10;5.080050467577994E9;63441;4.6538920836E9;4.313889872E9;5.006582986E9;2.3192602374875385E8;3.894978864E8;3.56394872E8;5.86708183E8;6.958365137597632E7;1.40164136E8;1.29003724E8;1.50108605E8;5605486.113614689;47648.2;43887.0;59846.0;4529.688161942767;3.230442691E8;3.18356043E8;3.28475033E8;3430502.6514725364;54658.7;47306.0;57565.0;3021.3008622115076;1.843488514E8;1.09382436E8;4.93523881E8;1.5567302422848886E8;3.6126240578E9;3.3589819E9;4.064483623E9;2.7182826379695696E8;1854120.8006702876;3.9445188234E9;3.68813575E9;4.271877313E9;2.0191996098074016E8;63441;3.142032336E8;3.02318636E8;3.47791394E8;1.709673557950645E7;45482.4;43886.0;49586.0;1652.009362362494;3.6301011728E9;3.385212391E9;3.964685558E9;2.0382223934940392E8;1854120.8006702876
cup;(basicBLikeness);();false;0.0;9;0;9.997574838E8;9.87146934E8;1.003655124E9;6582527.352791156;6.02471064787E10;5.0076317039E10;6.8992432132E10;5.612965491578295E9;63441;1.525089772546E11;1.48699564496E11;1.57850710991E11;2.8126403746947784E9;8.994060491E8;3.58795524E8;5.386528988E9;1.5788064564737778E9;1.460997092E8;1.40857088E8;1.54534879E8;4718138.342201928;53176.7;45596.0;106581.0;18792.134353677517;3.220465619E8;3.08164669E8;3.47112577E8;1.037903607794199E7;72042.2;53576.0;212023.0;49213.91403251726;6.493527872E8;1.07310078E8;5.502142177E9;1.7050972259425943E9;1.504895607524E11;1.46931150517E11;1.53579791772E11;2.3746807312746215E9;2136570.8799262443;1.489025059233E11;1.47846795966E11;1.49604124312E11;5.1736158057854986E8;63441;3.190130879E8;3.0034146E8;4.38257578E8;4.197866274939025E7;47648.2;45027.0;49586.0;1146.0838441308636;1.485833292581E11;1.47544215721E11;1.49297463755E11;5.185307740312393E8;2136570.8799262443
cup;(dDisclosurePrivacy);();false;0.0;9;0;9.995067037E8;9.87314501E8;1.004086581E9;6419465.331883421;6.24623942803E10;5.2241042722E10;7.2586192372E10;6.33144658648561E9;63441;1.528989109293E11;1.49473664922E11;1.57979412638E11;2.644069198597188E9;1.8660841151E9;3.65692556E8;5.520948429E9;2.4054227487952404E9;1.423517959E8;1.35483547E8;1.53630359E8;6174896.457330356;81788.5;43317.0;394409.0;109998.34399283776;8.556457793E8;3.04542602E8;5.668236893E9;1.6909846413440857E9;54487.7;45026.0;125960.0;25125.743217531566;6.477376473E8;1.07987755E8;5.478739806E9;1.6974421706310287E9;1.493835759348E11;1.46255432958E11;1.57037204984E11;3.0774200244372597E9;2206749.4374459223;1.495948522762E11;1.46894054395E11;1.54632425451E11;2.295671986036648E9;63441;3.19024601E8;2.96644729E8;4.282389E8;3.881854992935944E7;66228.8;42747.0;169846.0;44894.86828085762;1.492755234898E11;1.46581916566E11;1.54325722148E11;2.2979941933268385E9;2206749.4374459223
cup;(distinctLDiversity);();false;0.0;9;0;1.0008103059E9;9.87659324E8;1.003985699E9;4678839.990057755;5.7167943139E10;5.0173549164E10;6.2783719564E10;3.9770190579161506E9;63441;1.32440725485E10;9.239673689E9;1.4727724857E10;2.0142133153560505E9;8.574810363E8;3.58193652E8;5.305875158E9;1.563007962524685E9;1.461655962E8;1.37193984E8;1.57078591E8;7248317.802525475;46565.6;43317.0;57565.0;4145.208296602503;8.702462149E8;3.14845118E8;5.55358237E9;1.6474613660400019E9;46736.4;44456.0;50726.0;1880.8367641380614;1.479478469E8;1.08602167E8;4.79800493E8;1.1665329038434313E8;1.12198925291E10;7.672237981E9;1.3775489977E10;2.7001628512052326E9;1202354.6618344877;8.1911162751E9;8.127826196E9;8.320919703E9;5.9903819550672695E7;63441;3.363158534E8;2.98943929E8;4.21911255E8;4.8473265482300125E7;50669.1;47877.0;52436.0;1381.6907878875554;7.8546167819E9;7.731549258E9;8.009893857E9;8.494854846831933E7;1202354.6618344877
cup;(dPresence);();false;0.0;9;0;1.0014554382E9;9.86890453E8;1.008326479E9;5463851.448164356;7.23624917429E10;6.2637201678E10;8.0648819651E10;6.326497107026845E9;63441;5.282669301571E11;5.1780822138E11;5.42808800455E11;9.118165099524366E9;4.0380394E8;3.61144311E8;6.84490884E8;9.896050383363569E7;1.4066279E8;1.259784E8;1.45985548E8;5678845.760893454;51238.9;43317.0;92902.0;14753.785483732641;4.661142659E8;3.20686021E8;6.86328991E8;1.7668917939515248E8;64404.9;43886.0;174406.0;41294.3876559246;1.892346809E8;1.46449491E8;5.39465712E8;1.2307293299436285E8;5.270644538715E11;5.16433121139E11;5.41819509348E11;9.181132452873161E9;236640.22823762172;5.387190998921E11;5.14630257911E11;5.67143785519E11;1.999000382255108E10;63441;3.106370223E8;3.00181303E8;3.2006363E8;6536628.261906831;2.481464762E8;2.16391577E8;3.89501306E8;6.2820837423127726E7;5.381599007823E11;5.13968756751E11;5.66625955317E11;2.0023412951210514E10;236640.22823762172
cup;(edDifferentialPrivacy);();false;0.0;9;0;9.998310083E8;9.85735724E8;1.012002123E9;7857905.095715751;6.14777239169E10;5.266431845E10;7.1588844375E10;7.040835125858762E9;63441;1.9342630448E9;1.616165762E9;2.089870581E9;1.5955529760030317E8;3.690523293E8;3.56836018E8;3.80807775E8;8011761.706446925;1.801588807E8;1.37013878E8;5.22755187E8;1.2045667724691017E8;48788.4;45597.0;52436.0;1922.3881675319028;4.095533659E8;3.06122519E8;7.74928571E8;1.7348573863396367E8;50555.1;47306.0;64405.0;5026.925003308573;8.621845936E8;6.89287629E8;1.113203418E9;1.7987857261682785E8;1.110765715E8;1.07343705E8;1.2661561E8;5669143.386945063;189359.17102089262;1.0127155927E9;8.99007878E8;1.268007886E9;1.4785726997952038E8;63441;3.423122982E8;3.03311499E8;5.80206131E8;8.531662449494135E7;5.549201121E8;4.84079148E8;8.24250238E8;1.377870795672523E8;1.139592926E8;1.05304975E8;1.38942037E8;9507667.479290025;186677.5457087765
cup;(enhancedBLikeness);();false;0.0;9;0;9.992625346E8;9.85908991E8;1.003093718E9;6970770.992653446;6.27340779799E10;5.3263917885E10;6.9818001815E10;4.981252691445229E9;63441;1.53674293982E11;1.50173143926E11;1.55911163889E11;1.7654134261334035E9;4.081800582E8;3.64141137E8;7.49027514E8;1.1987076436580507E8;1.463298003E8;1.38539649E8;1.52087491E8;5171629.01455326;56881.5;47306.0;131660.0;26287.919351544988;3.541849266E8;3.06374439E8;6.5958212E8;1.0746247011181693E8;49871.1;47307.0;51296.0;1295.4073104626204;1.489256054E8;1.10957223E8;4.76278168E8;1.1502706087208788E8;1.526141997568E11;1.48849293512E11;1.54957424325E11;1.8212603250418668E9;2136570.8799262443;1.503096133821E11;1.47429150829E11;1.58110947534E11;3.278766377264952E9;63441;3.026299454E8;2.94948541E8;3.09661943E8;3997549.474354263;61555.1;42746.0;177826.0;41646.17770763069;1.500068154706E11;1.47126474261E11;1.57808449362E11;3.2779933100227337E9;2136570.8799262443
cup;(entropyLDiversity);();false;0.0;9;0;1.0009429912E9;9.87315641E8;1.003154703E9;4814231.608210639;5.53175814736E10;4.4917860296E10;7.2764632895E10;7.781776017716721E9;63441;1.61540237431E10;1.5841020608E10;1.6570592121E10;2.9999197150172395E8;3.63641856E8;3.55844865E8;3.72697878E8;5300692.48945932;2.344315805E8;1.362091E8;6.84788972E8;1.889628584397424E8;76374.0;47307.0;330004.0;89117.75687008485;8.729254615E8;2.98751855E8;5.507704373E9;1.6319739536069758E9;49757.1;46736.0;60415.0;3884.6439977028635;6.373637165E8;1.07228004E8;5.37908252E9;1.6660718939049387E9;1.40433464824E10;9.640868202E9;1.5615016731E10;2.3117486429985075E9;1202354.6618344877;1.02063487908E10;1.0050301991E10;1.052400225E10;1.6016848993427125E8;63441;3.11970148E8;2.91652489E8;3.99780453E8;3.145091049490155E7;42575.7;31917.0;117981.0;26539.659258676747;9.8942343874E9;9.737996025E9;1.0220009655E10;1.641529474623814E8;1202354.6618344877
cup;(equalDistanceTCloseness);();false;0.0;9;0;1.0006690137E9;9.85882202E8;1.006670189E9;5815011.3324031755;6.36181403152E10;5.1325627535E10;7.7098495716E10;7.888333777403121E9;63441;1.544723977401E11;1.49728114137E11;1.57733440941E11;2.8472984654710813E9;4.481174655E8;3.62403913E8;8.03796816E8;1.7242953780229095E8;1.442665615E8;1.27288727E8;1.49001752E8;6153199.3992647845;48047.4;45596.0;57566.0;3544.8561230793744;3.52069423E8;3.09831219E8;6.04217785E8;8.898519295562117E7;48959.3;46736.0;50156.0;1154.0139658311477;1.226126418E8;1.19051731E8;1.27679147E8;2699001.0915855845;1.534030347849E11;1.48764685901E11;1.56770298252E11;2.8747205344875283E9;1952803.1239501731;1.50118755126E11;1.48219170681E11;1.59683153769E11;3.4528251651090193E9;63441;3.168273658E8;2.95489999E8;3.64057353E8;1.96039950399189E7;42860.7;32488.0;113421.0;24937.653199974975;1.498017766082E11;1.47894707564E11;1.59372524613E11;3.456117166040095E9;1952803.1239501731
cup;(hierarchicalDistanceTCloseness);();false;0.0;9;0;1.0010815476E9;9.88167154E8;1.003228228E9;4576760.792765536;6.05145811711E10;4.8543691932E10;7.8155562509E10;8.96937575129201E9;63441;1.78039033116E11;1.75906145431E11;1.83745578143E11;2.664828103047937E9;4.436848078E8;3.55605483E8;7.78885201E8;1.7004590716868022E8;1.424025791E8;1.35429402E8;1.50242545E8;4526123.521170541;66057.7;46166.0;168707.0;41330.87242418728;3.147389918E8;3.02230293E8;3.29291779E8;7195715.777369627;49130.2;46167.0;50727.0;1651.9249915712812;1.2346672E8;1.20374598E8;1.27105772E8;1967005.183267757;1.770123931689E11;1.74952638409E11;1.82799205824E11;2.7128834863590865E9;1440804.7181845382;1.717659678442E11;1.70306663976E11;1.75340145442E11;1.5809059150851266E9;63441;3.088542014E8;2.9164679E8;3.69296385E8;2.200299288926876E7;6071393.6;5895620.0;6328785.0;114694.86135268272;1.714509331596E11;1.70001903652E11;1.75024078339E11;1.5817498063303337E9;1440804.7181845382
cup;(inclusion);();false;0.0;9;0;9.932342866E8;9.85703807E8;1.002064379E9;5758287.828201003;5.96068986841E10;5.135590528E10;6.9229239514E10;5.164584972842326E9;63441;1.8940486388E9;1.233851594E9;6.613330803E9;1.6652201145126636E9;3.621629924E8;3.50933559E8;3.80194503E8;8934031.303209048;1.420656782E8;1.37661917E8;1.49987204E8;4442297.2406052295;46394.6;44457.0;49017.0;1638.7219410259934;3.86519641E8;3.12082543E8;6.38665324E8;1.307144563968443E8;48902.1;47306.0;51866.0;1337.985587864583;9.95309836E7;6.5486745E7;3.92432017E8;1.029193061646865E8;9.013936554E8;3.55888752E8;5.714194114E9;1.6911152596483893E9;0.0;1.0434072396E9;8.80548161E8;1.310473559E9;1.9569508584656668E8;63441;3.390067841E8;2.93697489E8;6.55433414E8;1.1158283252164246E8;2.919887055E8;2.12298157E8;6.19800367E8;1.642341301790616E8;4.122772968E8;3.69834422E8;7.25179436E8;1.1020598708037058E8;0.0
cup;(kAnonymity);();false;0.0;9;0;9.960029594E8;9.86017282E8;1.004255288E9;8508435.45947192;5.82186366324E10;5.4059950768E10;6.5030812363E10;4.1769519309739466E9;63441;5.0097067978E9;4.637217637E9;5.267623166E9;1.7850913712615317E8;3.653193489E8;3.54579563E8;3.84039993E8;8952919.989953017;1.43964143E8;1.36793305E8;1.49218905E8;4361334.339083268;46736.3;43317.0;49016.0;1861.3400817690463;3.55716682E8;3.11936065E8;6.60669025E8;1.073134452707188E8;48788.3;46737.0;51866.0;1703.3277919022712;1.342132875E8;9.869691E7;4.35500133E8;1.0587900203713006E8;4.0082763236E9;3.670159354E9;4.354968274E9;2.4801417369682106E8;1743752.7243289542;4.2397107361E9;3.97760474E9;4.472334646E9;2.0138810227143177E8;63441;3.008439328E8;2.90379209E8;3.11908137E8;6423826.968686324;37274.9;28497.0;99742.0;21976.282682574965;3.9387250552E9;3.681488929E9;4.160290289E9;1.9955856719420046E8;1743752.7243289542
cup;(kMap);();false;0.0;9;0;1.0047216253E9;1.001554839E9;1.019550043E9;5578604.090833756;5.78479303492E10;5.2896964588E10;6.3686225259E10;3.688331252202689E9;63441;5.5145465176E9;5.151604738E9;5.74893803E9;2.1345513262969106E8;3.618081952E8;3.53877949E8;3.8099358E8;7262138.528607914;1.809964873E8;1.36660505E8;5.40313236E8;1.26321427497045E8;47306.4;44457.0;50156.0;1720.3391913612074;3.161316208E8;2.99428391E8;3.25656033E8;7304836.365970847;63037.1;47306.0;188086.0;43976.93767937412;9.92762704E7;9.7007562E7;1.01860163E8;1665265.57796268;4.554167144E9;4.24453313E9;4.814278867E9;2.3308019681713623E8;167254.840410708;5.1075842836E9;4.787816974E9;5.271363784E9;1.51858256931238E8;63441;3.018281895E8;2.93678681E8;3.21589401E8;7618635.206990908;2.50212052E8;2.11936236E8;5.61145679E8;1.0937577312489946E8;4.5554042324E9;4.269584382E9;4.761077512E9;1.823324841279663E8;167254.840410708
cup;(orderedDistanceTCloseness);();false;0.0;9;0;1.000972173E9;9.88229279E8;1.003792484E9;4526613.86675672;6.46493483984E10;5.3105925086E10;7.521944369E10;7.157928555639449E9;63441;3.438306950667E11;3.41496810245E11;3.45786821831E11;1.3030396274378915E9;4.060758395E8;3.59445274E8;7.32060509E8;1.1502448688491786E8;1.838685499E8;1.40361796E8;5.43326021E8;1.263298254927494E8;48503.3;45597.0;57566.0;3424.5192703988882;3.158146118E8;2.96916028E8;3.27119679E8;9373804.68700662;51922.9;46737.0;74664.0;8084.691081159364;1.21880249E8;1.20229259E8;1.24893774E8;1687473.3113842127;3.428008116737E11;3.40549887348E11;3.44820068475E11;1.3559684474669642E9;1258714.3551121498;3.385985969406E11;3.37380643058E11;3.39512775837E11;8.591317032889428E8;63441;3.015808854E8;2.95467201E8;3.21354579E8;7397167.2601877535;42518.9;33627.0;113991.0;25125.674661809808;3.382968438717E11;3.37083691123E11;3.39201519729E11;8.568785353856803E8;1258714.3551121498
cup;(populationUniqueness);();false;0.0;9;0;1.001358261E9;9.87185691E8;1.00576966E9;5167490.000407161;6.2243677227E10;5.5383181639E10;6.6720799328E10;3.531502663047333E9;63441;8.829294461229E11;8.78326907655E11;8.87361254882E11;2.3588454040976844E9;4.023640042E8;3.60334405E8;7.18100589E8;1.1104096553437205E8;1.415330546E8;1.32331693E8;1.50473946E8;5612071.100478863;48446.3;45597.0;56426.0;3246.5458926886176;5.077182232E8;3.12466693E8;8.99013008E8;2.4506486909777308E8;49301.1;48446.0;50156.0;615.7218798559406;1.570903316E8;1.16923517E8;4.9122411E8;1.1742102546530116E8;8.817185036044E11;8.76947832544E11;8.86006663919E11;2.4011722472236814E9;789422.2777898485;8.830798056794E11;8.74967138647E11;8.9230853685E11;5.745410449654937E9;63441;3.257761229E8;2.91022118E8;4.34284418E8;5.186044720508447E7;128183.0;94043.0;354512.0;79964.20393317667;8.827537660664E11;8.74556847075E11;8.91985072866E11;5.749334248754535E9;789422.2777898485
cup;(profitabilityJournalist);();false;0.0;9;0;1.0002133913E9;9.94204692E8;1.014371428E9;5972227.363995224;5.73349807895E10;4.9623278805E10;6.6219080627E10;5.2895664815472975E9;63441;1.4655268697E9;1.237017126E9;1.811545361E9;2.1811276648062438E8;3.599462077E8;3.51180349E8;3.66776611E8;5184797.456245413;1.415881127E8;1.34994526E8;1.49815648E8;4824627.2719097985;47534.3;46167.0;49016.0;899.1597373844835;3.517662066E8;3.1366132E8;6.40675557E8;1.015915589669986E8;49187.3;46737.0;51866.0;1635.1624486066614;2.050909565E8;7.4971374E7;5.7892829E8;2.089877781755482E8;4.049654522E8;3.58357799E8;6.80001345E8;9.773879833856945E7;0.0;1.1252059961E9;8.86492796E8;1.371242782E9;2.0176707235779262E8;63441;3.751076504E8;2.89918684E8;6.90566609E8;1.5939073213815007E8;2.523363899E8;2.13352005E8;5.97026086E8;1.2111253984888536E8;4.976374777E8;3.76759952E8;8.51919867E8;1.8732163144365272E8;0.0
cup;(profitabilityJournalistNoAttack);();false;0.0;9;0;1.00056209E9;9.87309941E8;1.004311713E9;5496635.121758038;5.51335752793E10;4.7421390316E10;6.8642530762E10;6.4033057834485E9;63441;2.2736845855E9;2.101108963E9;2.504971437E9;1.766086376669865E8;3.599250052E8;3.50762572E8;3.70952105E8;7142921.297324254;1.77237346E8;1.30884007E8;5.05228487E8;1.1540952132948966E8;46793.3;45027.0;49017.0;1407.7377478304213;3.474152236E8;2.91239842E8;6.49242558E8;1.066153045337785E8;48902.3;46167.0;51296.0;1673.4085673658221;1.503529447E8;8.0621912E7;4.36395533E8;1.438197108098309E8;1.2366200386E9;1.222180615E9;1.266227915E9;1.6103475701483743E7;190113.595502309;1.9886665492E9;1.754074469E9;2.172785424E9;1.8922653856662008E8;63441;3.734006338E8;2.91720314E8;7.13173894E8;1.599804972271955E8;2.580015766E8;2.13639833E8;5.92721783E8;1.1797149010481232E8;1.3571442493E9;1.232897488E9;1.648147103E9;1.7838736862503812E8;190113.595502309
cup;(profitabilityProsecutor);();false;0.0;9;0;1.0020439173E9;9.99847252E8;1.002990556E9;890081.664786009;5.48708012945E10;4.900550349E10;6.7620666699E10;6.108226263727499E9;63441;1.4479521216E9;1.250192787E9;1.652222855E9;1.913259525273292E8;3.612647996E8;3.50065516E8;3.71612683E8;6023901.362293324;1.420573569E8;1.37664767E8;1.46409594E8;3156360.463334716;93073.6;29637.0;492441.0;143325.26926710756;3.835162603E8;3.03447717E8;6.60491199E8;1.4109861661504203E8;389849.3;29067.0;3460200.0;1079078.833799155;1.481823265E8;7.579439E7;4.57887985E8;1.4962407914937025E8;4.103098107E8;3.70274428E8;7.41166118E8;1.1627841947119093E8;0.0;7.728397976E8;6.8391523E8;1.107504433E9;1.677307183973763E8;63441;3.773882133E8;2.91906689E8;7.08291086E8;1.6783439211656392E8;40124.9;30208.0;99742.0;21224.178054756325;3.950226929E8;3.90382457E8;4.09647523E8;5934219.840037094;0.0
cup;(profitabilityProsecutorNoAttack);();false;0.0;9;0;1.0027516881E9;1.001699607E9;1.003941242E9;697715.0427874391;5.51861703723E10;4.8681624578E10;7.2418601523E10;6.941013582028191E9;63441;2.3312244984E9;2.065770013E9;2.474056482E9;1.7650487688065884E8;3.937428008E8;3.51126774E8;6.93199234E8;1.0534811231531647E8;1.41186978E8;1.34518613E8;1.48670607E8;4057470.0160089633;31062.4;29637.0;32488.0;1238.597432582516;3.586618128E8;3.1263939E8;7.05135242E8;1.2183754589120658E8;28155.8;26788.0;32488.0;1724.707176434436;1.828778535E8;7.9748741E7;4.28609371E8;1.637781605161858E8;1.2527260115E9;1.17167971E9;1.553025523E9;1.518311548235789E8;1978073.9644193049;1.5273949104E9;1.480052414E9;1.83420451E9;1.0824716999073373E8;63441;2.995344035E8;2.91599483E8;3.14793252E8;6260583.186942043;39839.8;30777.0;103162.0;22283.38695979586;1.2277418419E9;1.182789852E9;1.519308096E9;1.0283197784401391E8;1978073.9644193049
cup;(recursiveCLDiversity);();false;0.0;9;0;1.0022319458E9;1.001748054E9;1.003285223E9;611855.4551601945;5.75140720867E10;4.8195312344E10;6.3319177919E10;5.199679013578515E9;63441;1.47097393992E10;1.0561805687E10;1.6088689063E10;2.1790767297019167E9;3.621991277E8;3.54903869E8;3.66900291E8;4620602.767764422;1.480091739E8;1.38863953E8;1.53400667E8;4480913.252960295;31233.5;27928.0;33627.0;2007.0194180536582;4.17322543E8;3.10517445E8;7.04544768E8;1.6081853801594287E8;34824.1;26788.0;87773.0;18648.486435156665;6.530072276E8;1.33394091E8;5.289576711E9;1.6291289070661268E9;1.31271432746E10;9.14978031E9;1.5113341917E10;2.5309077176591926E9;1202354.6618344877;9.5666280237E9;9.429316686E9;9.770373486E9;1.2582292406090696E8;63441;3.186443837E8;2.99879227E8;3.86100381E8;3.1046844473351307E7;39497.7;28497.0;117410.0;27436.74755607077;9.24786811E9;9.126673745E9;9.396117919E9;1.0150702942522904E8;1202354.6618344877
cup;(sampleUniqueness);();false;0.0;9;0;1.0008820632E9;9.87088229E8;1.003908185E9;4892995.923147626;5.44869905954E10;4.9455033647E10;5.8301332613E10;2.638034801670825E9;63441;1.3224975449E10;1.2494831358E10;1.7982891077E10;1.6816737338724384E9;3.600916602E8;3.54250129E8;3.66231164E8;3666177.849847798;1.442161202E8;1.39038359E8;1.48827915E8;3510969.050187357;30777.5;28497.0;34767.0;1937.627486845131;4.134628045E8;3.10930093E8;6.61024678E8;1.5509598884075198E8;27927.8;25648.0;29637.0;1343.314375383183;2.459310025E8;1.14015035E8;4.88120133E8;1.692357523171497E8;1.20592954896E10;1.1264933546E10;1.6694130542E10;1.6405870408085382E9;1623994.623595052;1.32676017926E10;1.1523025346E10;1.7305043023E10;2.460644839428077E9;63441;3.013814011E8;2.96748461E8;3.07206004E8;4111745.6818453767;55456.6;40467.0;169277.0;40026.182656411846;1.29660858251E10;1.12246793E10;1.700218179E10;2.460293395117659E9;1623994.623595052
fars;(averageRisk);();false;0.0;9;0;1.0023535168E9;1.001497842E9;1.002925581E9;491176.5374662036;4.24472665221E10;4.1318590295E10;4.2888852982E10;4.388855159684334E8;100937;1.26618137236E10;1.2157932953E10;1.3104534395E10;3.1458913848536783E8;6.177175218E8;5.03075194E8;1.085190106E9;2.1239970491399845E8;2.963707513E8;2.29910921E8;7.57206374E8;1.6204630379421556E8;30663.6;28498.0;32487.0;1364.560588614518;5.449599122E8;3.27931865E8;8.95951777E8;2.713792929148668E8;28041.9;25078.0;29638.0;1441.8756650049038;1.719161275E8;1.66467467E8;1.78667364E8;4066777.1676212614;1.10286551955E10;1.0649508157E10;1.1254531858E10;2.2971206378569278E8;1141904.818787052;1.09094598932E10;1.080656053E10;1.0995309267E10;6.5342151482194796E7;100937;3.649838163E8;3.47795954E8;4.6908761E8;3.69423005103685E7;54145.6;41606.0;128810.0;26818.292468636646;1.05443361529E10;1.0455172146E10;1.0633697022E10;6.3416936959979855E7;1141904.818787052
fars;(basicBLikeness);();false;0.0;9;0;1.0018296143E9;9.87993888E8;1.008360677E9;5521693.0598394275;4.42473752696E10;4.2389290992E10;4.4933267902E10;7.301068701765711E8;100937;2.59622638176E10;2.5808085731E10;2.630828208E10;1.5375669685980213E8;6.234841036E8;5.0992264E8;9.47529898E8;1.6990554073428476E8;2.489997567E8;2.39517521E8;2.57654075E8;5512857.373569537;31233.8;29638.0;33058.0;1416.724924292331;5.13736725E8;3.29613803E8;8.01888034E8;2.2991990424780986E8;29124.7;26788.0;33627.0;2071.4571924131087;2.976169022E8;1.69326363E8;6.16917533E8;1.999598870542949E8;2.42764389524E10;2.4104853E10;2.4718751478E10;1.7421192802390185E8;1201007.0880104564;2.49803249656E10;2.4846605031E10;2.5254404188E10;1.1185171707443942E8;100937;3.763972316E8;3.47426052E8;4.66330165E8;4.741948818593376E7;67539.9;42177.0;180676.0;49186.98446732518;2.46037850173E10;2.4480805325E10;2.4902496006E10;1.2731434284173688E8;1201007.0880104564
fars;(dDisclosurePrivacy);();false;0.0;9;0;1.0039855847E9;1.00152805E9;1.017617893E9;4824616.222991997;4.38494770944E10;4.312392998E10;4.4707894397E10;5.421369525438571E8;100937;2.57391236819E10;2.5478286691E10;2.5940117627E10;1.5341566397623754E8;6.121780107E8;5.10932601E8;8.71751468E8;1.4582684044808638E8;2.934599319E8;2.31323842E8;6.95622115E8;1.4150308765673032E8;30606.5;28498.0;32487.0;1397.2521644682147;5.731373144E8;3.41345767E8;7.46210223E8;1.939403574186958E8;28440.9;26218.0;31347.0;1771.0008752115286;2.113671351E8;1.72246816E8;5.26114505E8;1.1060530632848226E8;2.40469543575E10;2.3693440325E10;2.4274948233E10;1.814073272397032E8;1509404.7206421378;2.50371830977E10;2.4685229547E10;2.5456471075E10;2.551337380275981E8;100937;3.565153038E8;3.5066625E8;3.61078197E8;3245520.9915384343;40352.9;30777.0;116271.0;26695.186442711194;2.4680551637E10;2.4328084613E10;2.5101739903E10;2.5431226716740686E8;1509404.7206421378
fars;(distinctLDiversity);();false;0.0;9;0;1.0030004168E9;1.001116543E9;1.010830864E9;2809163.9380866326;4.21476467392E10;4.1560250279E10;4.3110159856E10;4.713539564634142E8;100937;8.2653647745E9;7.970145732E9;8.744549944E9;2.6741840222698787E8;7.059929108E8;5.09449577E8;1.023391542E9;2.3786936560234913E8;2.421661044E8;2.18492433E8;2.53903767E8;1.181451303141188E7;30891.5;29068.0;32487.0;1282.5340584604803;4.687812586E8;3.30477856E8;8.53756833E8;2.133920606197205E8;33683.9;26788.0;80363.0;16449.707741071474;2.675173822E8;1.6976352E8;7.261609E8;2.0225518553775698E8;6.57882604E9;6.311790156E9;7.054385152E9;2.4339616261974394E8;550367.2986122062;6.5539240011E9;6.472711956E9;6.692605341E9;6.831063237503806E7;100937;4.069564209E8;3.50439408E8;4.51175049E8;4.609202538779982E7;39555.1;28498.0;118550.0;27791.068631046834;6.1468534752E9;6.068551395E9;6.263038444E9;6.693632292234567E7;550367.2986122062
fars;(dPresence);();false;0.0;9;0;9.993500798E8;9.87204499E8;1.003032163E9;6292192.570273044;4.7045574666E10;4.3809412016E10;5.0973652098E10;1.9789522877186642E9;100937;9.58065456537E10;9.2116681856E10;1.02248718883E11;3.850439230372236E9;5.938102836E8;5.18172746E8;7.66651677E8;8.874741033100474E7;3.374721221E8;2.44813547E8;6.92005177E8;1.803258277780183E8;30492.8;29068.0;32487.0;1147.613543160085;4.676923586E8;3.31111647E8;7.68054337E8;1.8599580761999217E8;27813.8;26218.0;30777.0;1466.5865735706766;3.968381721E8;2.29660712E8;7.71688373E8;2.1723916610514355E8;9.40058964174E10;9.0243643429E10;1.00415357336E11;3.810017613116465E9;167841.0317224942;9.32276670066E10;9.0003844349E10;1.01973988371E11;3.973787380054049E9;100937;4.040387045E8;3.58777286E8;5.06892187E8;6.075543348279365E7;4.233700555E8;3.24639802E8;6.26452888E8;1.0408215608911596E8;9.24001513801E10;8.9125876378E10;1.01122097573E11;3.94124153407245E9;167841.0317224942
fars;(edDifferentialPrivacy);();false;0.0;9;0;9.995144547E8;9.86082257E8;1.012008962E9;9680965.43489452;4.57872691891E10;4.3562697097E10;4.8217321745E10;1.4653940042796812E9;100937;2.8815117842E9;2.353738879E9;3.222721504E9;2.7491242852151614E8;6.310721491E8;5.14764412E8;1.169973263E9;2.0823678024124503E8;2.400739688E8;2.18343105E8;2.60176698E8;1.767683331719883E7;30435.7;29068.0;34198.0;1524.750985133857;6.915640889E8;3.34855684E8;1.069869133E9;3.102948870629188E8;27756.9;25648.0;30207.0;1344.6432364509678;1.1920775048E9;8.07797333E8;1.426908054E9;2.1831279436579925E8;1.248388878E8;8.4177865E7;4.65215332E8;1.1961255228531924E8;136569.1369656694;1.2720727517E9;1.042695935E9;1.498753793E9;1.5612037502917865E8;100937;5.999744662E8;3.51952069E8;8.41975284E8;2.108761677944922E8;5.724938915E8;4.86559025E8;1.056213E9;1.7748102800290838E8;9.95244862E7;8.3772627E7;2.25128425E8;4.4145470423102915E7;140296.29596346
fars;(enhancedBLikeness);();false;0.0;9;0;1.0026906458E9;1.000041607E9;1.01394909E9;4042190.3959930716;5.17739799364E10;4.6810670479E10;5.5662812627E10;2.8310003547976494E9;100937;2.97598102734E10;2.7899320784E10;3.2021828155E10;1.1712607820408401E9;5.956502137E8;5.24239922E8;9.31012588E8;1.2150269744279683E8;3.459661686E8;2.30275693E8;7.03042935E8;1.8096623100551257E8;31119.6;27928.0;36477.0;2421.0378490776775;5.44336723E8;3.28834105E8;9.22938029E8;2.4818764658903733E8;28896.6;26788.0;36477.0;2881.8070025593315;3.457508395E8;1.78138446E8;8.02305242E8;2.6648960596820873E8;2.79261886564E10;2.6182513424E10;3.0234366263E10;1.1244943025318923E9;1201007.0880104564;2.97335850827E10;2.7027690717E10;3.7824653766E10;3.9023588819821067E9;100937;3.975563158E8;3.64626169E8;4.58145034E8;3.554407925163882E7;45824.4;42177.0;51296.0;3237.5676466549185;2.9335896537E10;2.6580361728E10;3.7406849041E10;3.904363590749119E9;1201007.0880104564
fars;(entropyLDiversity);();false;0.0;9;0;1.0003282944E9;9.99800515E8;1.00102364E9;360552.8905276204;4.57970623925E10;4.3389264205E10;5.18219157E10;2.477939219142823E9;100937;1.4743145003E10;1.4211680896E10;1.5826790529E10;4.7480376363569427E8;6.219223685E8;5.17622169E8;9.76244255E8;1.8119974760502082E8;2.909134277E8;2.32558935E8;6.47952749E8;1.2576488398502727E8;36078.2;27358.0;99742.0;22508.218888022016;6.189651548E8;3.37867899E8;9.16216545E8;2.3783122151696935E8;28554.7;26218.0;35337.0;2758.963857441171;2.616258663E8;1.68934805E8;6.29920496E8;1.792414460242212E8;1.29478226275E10;1.2527064051E10;1.401600435E10;4.354172371565831E8;590389.0228300437;1.34164758741E10;1.3039272213E10;1.4085327465E10;3.705587809885271E8;100937;3.972515607E8;3.59053144E8;4.90271715E8;5.067162461000804E7;29694.6;28498.0;30778.0;733.1854699414966;1.30191242862E10;1.2579038861E10;1.3709967894E10;3.973374499510565E8;590389.0228300437
fars;(equalDistanceTCloseness);();false;0.0;9;0;1.0000713012E9;9.99599891E8;1.000798507E9;376179.64576805296;4.76584593648E10;4.3314479206E10;5.1290196823E10;2.363834043548491E9;100937;2.8293751464E10;2.7205740819E10;3.0797024605E10;1.0534943161161873E9;5.764873415E8;5.30743684E8;7.89658499E8;7.971376422824743E7;2.595031243E8;2.41161273E8;2.69323913E8;7260990.448448645;29979.8;28497.0;31348.0;1081.569312516668;5.831095403E8;3.41751006E8;9.27329536E8;2.5131799819952446E8;28326.6;27358.0;29637.0;713.1654319534376;4.217050446E8;1.92194687E8;7.0861197E8;2.2414877786039612E8;2.64511318462E10;2.5405613378E10;2.8684643063E10;9.832258317634178E8;1148462.503554068;2.69372267563E10;2.5864221786E10;2.8347948132E10;7.83228884678108E8;100937;3.901293969E8;3.65367681E8;4.84541952E8;3.513182560124587E7;123566.4;30208.0;856643.0;259256.92226189663;2.65468983876E10;2.5379574961E10;2.7944524523E10;7.941877581924586E8;1148462.503554068
fars;(hierarchicalDistanceTCloseness);();false;0.0;9;0;1.0019613878E9;9.99447143E8;1.018070439E9;5685484.845612315;5.12186897521E10;4.6476727863E10;5.8190651818E10;4.24564540429252E9;100937;2.99657873392E10;2.7874629173E10;3.1851070062E10;1.1530974509086819E9;5.995692277E8;5.37368846E8;9.54511853E8;1.2684842539529298E8;2.640698356E8;2.39370473E8;3.0610485E8;1.8320024636426333E7;33456.4;28498.0;50156.0;7518.561198054378;7.272874734E8;3.44397309E8;1.148147959E9;2.5889798184588468E8;30834.5;26788.0;54146.0;8287.664357344594;3.696759745E8;1.98222536E8;9.07452339E8;2.628993663812535E8;2.7999322608E10;2.6079689466E10;2.9215747528E10;9.815252291486101E8;1098846.557710403;2.8543362441E10;2.6685413072E10;3.1301456293E10;1.500465861844876E9;100937;5.435321168E8;3.68227718E8;1.419356714E9;3.118676092832323E8;776393.4;692496.0;1053278.0;107503.03354810247;2.79989745933E10;2.6299983529E10;3.0826512391E10;1.4591906511738267E9;1098846.557710403
fars;(inclusion);();false;0.0;9;0;1.0003970307E9;9.99976062E8;1.001610694E9;486455.92155463237;4.56436784243E10;4.4429288188E10;4.6724801556E10;9.225267279229838E8;100937;1.9424729115E9;1.84930491E9;2.08231981E9;7.392504549640304E7;7.226051182E8;5.18296426E8;1.013943391E9;1.9721287613208348E8;3.011671548E8;2.17370761E8;7.56782327E8;1.60704086928216E8;30720.6;28497.0;37047.0;2823.7256004553037;4.816103293E8;3.41403333E8;8.30434255E8;2.0910357656027687E8;27927.7;26788.0;30208.0;930.8062275969867;1.082759246E8;1.0625794E8;1.13610935E8;2589828.099741036;3.26919054E8;2.05786985E8;6.2475385E8;1.917183534321839E8;0.0;1.317406953E9;1.066630075E9;1.564294113E9;1.5039876971310973E8;100937;5.258962691E8;3.53429393E8;8.84217533E8;2.1495333540316758E8;5.424249213E8;3.31185172E8;9.49493965E8;2.276967598642635E8;2.4900443E8;2.43640009E8;2.53251168E8;2981888.8214935176;0.0
fars;(kAnonymity);();false;0.0;9;0;1.0025181772E9;9.99366209E8;1.023292941E9;7312906.921759025;4.45715991186E10;4.3759777444E10;4.6161788703E10;7.617664689593424E8;100937;1.40509805229E10;1.3210491399E10;1.6601775525E10;9.421744552501307E8;6.818263426E8;5.17568593E8;1.065466226E9;2.0776957735828057E8;2.434257061E8;2.17628381E8;2.60596185E8;1.5682050276748335E7;29979.8;28497.0;37047.0;2565.813485903534;5.477196366E8;3.4604619E8;9.12005143E8;2.4503709738147488E8;29124.7;26788.0;34197.0;2106.2039075075327;2.965741116E8;1.61896425E8;6.6534437E8;2.139476960523309E8;1.22795069089E10;1.1518979233E10;1.4987750517E10;9.983489444288784E8;1089487.3926609105;1.21998369927E10;1.1745782187E10;1.4168928535E10;7.118000247650315E8;100937;4.274035166E8;3.6166411E8;5.99052848E8;7.569965860546651E7;28782.7;26788.0;30777.0;1238.4184403235174;1.17723189155E10;1.128933277E10;1.3569769106E10;6.610827290750158E8;1089487.3926609105
fars;(kMap);();false;0.0;9;0;1.0011559267E9;9.99758909E8;1.003851759E9;1393505.7469191428;4.54898584971E10;4.3150412961E10;5.170196572E10;2.756192631383467E9;100937;1.56312165758E10;1.4671000038E10;1.6500990297E10;6.128992530872205E8;6.464786154E8;5.24607543E8;1.086499293E9;1.8103852409370422E8;3.181886474E8;2.16504999E8;8.26420628E8;1.8083629697912362E8;30150.8;27358.0;34768.0;2597.4381310137965;5.952445195E8;3.44783169E8;8.97295732E8;2.6027145792613214E8;36591.0;26218.0;94613.0;21193.153197305124;2.755219509E8;1.53944975E8;8.27465927E8;2.4183829496362722E8;1.3793931399E10;1.2906429269E10;1.4675544863E10;5.711962073915488E8;108463.1208784605;1.39398647951E10;1.3062243128E10;1.4905599413E10;5.549033265383797E8;100937;4.030941743E8;3.54681585E8;4.97274188E8;4.856657627971402E7;4.762045867E8;3.38397958E8;5.53873047E8;7.882752952881926E7;1.30604828775E10;1.2189150555E10;1.3987389735E10;5.2926611217290366E8;108463.1208784605
fars;(orderedDistanceTCloseness);();false;0.0;9;0;1.0008983068E9;9.97007733E8;1.00269133E9;1705397.240780823;4.90805003412E10;4.5749993588E10;5.5659829481E10;2.6643473382685156E9;100937;3.92269718895E10;3.6943470105E10;4.1853447918E10;1.6237071676402607E9;6.004611508E8;5.26643994E8;9.12051879E8;1.214010760398418E8;2.592456184E8;2.44610644E8;2.76891782E8;1.1049865706432616E7;46793.6;28498.0;193785.0;51682.51713469245;5.746938626E8;3.35405121E8;9.14554554E8;2.4579045398466733E8;27756.8;26218.0;31347.0;1635.3676990545923;3.541126562E8;1.95054154E8;6.01144584E8;1.9981412908668166E8;3.74366244841E10;3.5237962683E10;3.9934907664E10;1.5603939230469694E9;626878.6802785888;3.69205327034E10;3.5430841887E10;3.9398624014E10;1.1939864720619874E9;100937;3.769900993E8;3.59758749E8;3.9854536E8;1.367649323961385E7;31860.3;29637.0;39897.0;3092.193649606484;3.65434360792E10;3.5070282921E10;3.9038758682E10;1.1929216968574884E9;626878.6802785888
fars;(populationUniqueness);();false;0.0;9;0;1.0004797315E9;9.99570254E8;1.004490679E9;1435385.4219062363;4.98667347194E10;4.646536694E10;5.3760698492E10;1.883851142714765E9;100937;1.164541008012E11;1.12156685321E11;1.1953296936E11;1.9811818057392E9;5.640370061E8;5.29268639E8;7.16916222E8;5.719395739133048E7;2.777728195E8;2.50628804E8;4.45903531E8;5.971947682277876E7;32145.4;29068.0;44456.0;4576.877154664399;6.128052467E8;3.39822276E8;8.84269969E8;1.92557416068882E8;32031.7;26218.0;71815.0;14025.121635836178;3.125626167E8;1.88723089E8;5.98357502E8;1.910373967969155E8;1.146848361065E11;1.10440797299E11;1.17619682957E11;1.9563782189325223E9;314300.6933914329;1.14410435258E11;1.10394429141E11;1.1808538845E11;2.49548646086694E9;100937;4.094507739E8;3.60945966E8;5.28834903E8;6.159883954354408E7;101908.3;94613.0;122541.0;7739.761624954034;1.140007640822E11;1.1003213979E11;1.17722435101E11;2.4678822363796244E9;314300.6933914329
fars;(profitabilityJournalist);();false;0.0;9;0;9.948796341E8;9.86730297E8;1.011577506E9;8784346.632265998;4.36114524005E10;4.2420323359E10;4.6099682364E10;1.0963513890769632E9;100937;1.8571719492E9;1.728069681E9;2.009408825E9;8.53369820853353E7;5.168303294E8;5.05015323E8;5.28652517E8;7729494.436735134;3.243708974E8;2.16022817E8;6.92031965E8;1.7042373261151537E8;30720.2;28497.0;33057.0;1482.739191871285;6.80204477E8;3.29242762E8;9.84739442E8;2.456569981609637E8;27244.0;25648.0;28498.0;883.0402029352911;1.71694529E8;1.20808334E8;6.0324601E8;1.5164630391392556E8;1.621200748E8;1.58560475E8;1.67343489E8;2923331.2289498243;0.0;1.2673950129E9;9.83346471E8;1.491216131E9;1.542360694416921E8;100937;4.372357616E8;3.35323048E8;8.16754753E8;1.807890192819068E8;6.096214753E8;3.23314086E8;8.07153283E8;1.9641236123780045E8;2.20456443E8;1.99747168E8;3.49277268E8;4.585895295522177E7;0.0
fars;(profitabilityJournalistNoAttack);();false;0.0;9;0;1.0022850086E9;1.00141691E9;1.003866578E9;917736.9119904801;4.33594521131E10;4.1619143209E10;4.4404030041E10;1.0674842824287641E9;100937;5.7085159897E9;5.509804089E9;5.980970896E9;1.615504610787277E8;6.145586579E8;4.9135349E8;8.49489007E8;1.3243992747114395E8;2.406421573E8;2.11735042E8;2.53721952E8;1.1934030497287458E7;30150.7;28498.0;32488.0;1301.2707507151104;5.451630444E8;3.30994806E8;7.94700326E8;2.212871517006227E8;28270.0;25648.0;34198.0;2594.039321213154;2.566107711E8;1.29211757E8;5.70706682E8;2.0315546668240318E8;4.0494553221E9;3.912203487E9;4.393740065E9;1.9098323973737916E8;146598.6898876325;4.9923183108E9;4.780495895E9;5.235960999E9;1.8476586070130855E8;100937;4.169377661E8;3.40271972E8;7.94104722E8;1.4355325571534485E8;5.179289187E8;3.2224542E8;9.10886321E8;2.4178130998744705E8;4.0573723458E9;3.944158612E9;4.496809674E9;1.68442140827481E8;146598.6898876325
fars;(profitabilityProsecutor);();false;0.0;9;0;9.967953114E8;9.86622575E8;1.003704711E9;5439020.159604244;4.39264830955E10;4.3019161333E10;4.5289857699E10;7.642346672400941E8;100937;1.9146134306E9;1.662615424E9;2.256908003E9;1.875832611313443E8;6.225884757E8;4.94195289E8;9.01933461E8;1.5538926255170307E8;2.383346927E8;2.11590843E8;2.5220815E8;1.4575833232846715E7;30891.6;28497.0;32488.0;1254.6665958200474;5.499964376E8;3.29111673E8;8.62892079E8;2.3432336025187013E8;28440.7;26788.0;30207.0;1021.0871167535119;2.56049593E8;1.16331904E8;6.07409535E8;2.1737281760355857E8;2.458174101E8;1.66285652E8;6.2975578E8;1.6841573151141077E8;0.0;7.978275576E8;5.51194256E8;1.085373632E9;2.5484793273065746E8;100937;5.881740507E8;3.42134586E8;8.77925225E8;2.5540216961291462E8;43031.4;29637.0;136790.0;32970.55628621123;2.095095363E8;2.07324726E8;2.13220915E8;1753879.3646054103;0.0
fars;(profitabilityProsecutorNoAttack);();false;0.0;9;0;1.0004787056E9;9.86698379E8;1.002992267E9;4866747.907236623;4.37309354736E10;4.2373972869E10;4.4689143431E10;6.869380041004456E8;100937;5.4844762939E9;5.374455621E9;5.899801827E9;1.5764876564608425E8;5.650807089E8;4.94794312E8;8.43034261E8;1.0857257865288194E8;2.423278577E8;2.0278902E8;2.51342388E8;1.4474002399047688E7;30777.3;28498.0;32487.0;1495.7228687159932;5.083860402E8;3.28107412E8;8.35576963E8;2.2626166871734208E8;27813.9;26788.0;30208.0;1133.6378463454132;3.201796161E8;1.27365672E8;6.00678931E8;2.0480986466064036E8;3.8464632837E9;3.777144557E9;4.326923614E9;1.6928748377599427E8;1472895.1544831402;4.5417803014E9;4.197548279E9;4.739547444E9;2.0129298572624958E8;100937;5.593121321E8;3.39292787E8;8.63897481E8;2.260340900172026E8;32487.4;29637.0;35337.0;1782.1803874280888;3.9823602201E9;3.832153241E9;4.400144085E9;2.2503939169198382E8;1472895.1544831402
fars;(recursiveCLDiversity);();false;0.0;9;0;1.0007976527E9;9.85889612E8;1.003738908E9;5278745.25971403;4.34896587848E10;4.2253566924E10;4.4424202475E10;7.138190355087184E8;100937;1.26563524103E10;1.2231965611E10;1.3312739131E10;3.373221508857814E8;5.927760993E8;5.03349343E8;8.76556193E8;1.2377392330528666E8;2.832547079E8;2.13369674E8;6.68663221E8;1.3600198823234618E8;30834.6;29067.0;33058.0;1273.3607501411373;5.564361937E8;3.35999585E8;9.05242621E8;2.3160995269909075E8;29295.9;27358.0;34198.0;1959.805458032336;3.690208677E8;2.14909693E8;6.2143044E8;1.9696840254358166E8;1.08529835744E10;1.0435674539E10;1.1554751349E10;3.36073762972238E8;585933.0095846694;1.11914129938E10;1.085802181E10;1.1487918939E10;2.273546100063674E8;100937;3.844510445E8;3.53275506E8;4.48769836E8;4.411493876543822E7;29979.8;28498.0;32487.0;1177.2363870995116;1.08068584451E10;1.0503303747E10;1.1131191212E10;2.2482506465752876E8;585933.0095846694
fars;(sampleUniqueness);();false;0.0;9;0;9.993229499E8;9.86207647E8;1.004234769E9;6910013.677887033;4.4211052064E10;4.2398859406E10;4.5551447317E10;8.494383825266939E8;100937;2.20975977517E10;2.1789625442E10;2.2656355032E10;2.8458648673810226E8;5.180900449E8;5.02285236E8;5.28651378E8;7696415.744031048;3.268242708E8;2.34138282E8;6.76532596E8;1.6923471297472784E8;29865.6;28497.0;31917.0;1114.4129695344839;4.887449752E8;3.31484968E8;7.46421108E8;1.9351510640656316E8;27585.9;25648.0;31348.0;1616.6913022177941;3.384107247E8;1.77606677E8;6.23132897E8;2.0182892830079412E8;2.04235642393E10;2.0140887865E10;2.0952002909E10;2.6825354901397228E8;812203.7033898486;2.08234823938E10;2.0581206972E10;2.1104278485E10;1.8596033253864065E8;100937;4.084740978E8;3.48504408E8;4.94986386E8;6.317842559734935E7;43487.6;41607.0;46166.0;1203.0193680901402;2.04148899727E10;2.0097242954E10;2.0631605855E10;1.96388524059276E8;812203.7033898486
